{"cameraMode":{"drawMode":0,"name":"Shaded","section":"Shading Mode"},"sceneLighting":true,"audioPlay":false,"sceneViewState":{"showFog":true,"showMaterialUpdate":false,"showSkybox":false,"showFlares":true,"showImageEffects":true,"showParticleSystems":true},"in2DMode":false,"pivot":{"x":6.620239734649658,"y":-15.21318244934082,"z":1.9867751598358155},"rotation":{"x":-0.21126718819141389,"y":-0.033975750207901,"z":0.007375209592282772,"w":-0.9768242239952087},"size":2.0482540130615236,"orthographic":false}