{"cameraMode":{"drawMode":0,"name":"Shaded","section":"Shading Mode"},"sceneLighting":false,"audioPlay":false,"sceneViewState":{"showFog":true,"showMaterialUpdate":false,"showSkybox":true,"showFlares":true,"showImageEffects":true,"showParticleSystems":true},"in2DMode":false,"pivot":{"x":110.44538879394531,"y":48.61347198486328,"z":7.097137451171875},"rotation":{"x":-0.13012976944446565,"y":-0.16489017009735108,"z":0.021747002378106118,"w":-0.9775339961051941},"size":533.8900146484375,"orthographic":false}