{"cameraMode":{"drawMode":0,"name":"Shaded","section":"Shading Mode"},"sceneLighting":false,"audioPlay":false,"sceneViewState":{"showFog":true,"showMaterialUpdate":false,"showSkybox":false,"showFlares":true,"showImageEffects":true,"showParticleSystems":true},"in2DMode":false,"pivot":{"x":39.52345657348633,"y":1.8670015335083008,"z":-36.71943664550781},"rotation":{"x":-0.12398047000169754,"y":0.6314425468444824,"z":-0.10317928344011307,"w":-0.7585052847862244},"size":4.18220853805542,"orthographic":false}