{"cameraMode":{"drawMode":0,"name":"Shaded","section":"Shading Mode"},"sceneLighting":false,"audioPlay":false,"sceneViewState":{"showFog":true,"showMaterialUpdate":false,"showSkybox":false,"showFlares":true,"showImageEffects":true,"showParticleSystems":true},"in2DMode":false,"pivot":{"x":-1.845836877822876,"y":23.732439041137697,"z":-24.07461929321289},"rotation":{"x":-0.09372030943632126,"y":0.31656497716903689,"z":-0.03140417858958244,"w":-0.9434398412704468},"size":10.460135459899903,"orthographic":false}