{"cameraMode":{"drawMode":0,"name":"Shaded","section":"Shading Mode"},"sceneLighting":false,"audioPlay":false,"sceneViewState":{"showFog":true,"showMaterialUpdate":false,"showSkybox":false,"showFlares":true,"showImageEffects":true,"showParticleSystems":true},"in2DMode":false,"pivot":{"x":22.38849449157715,"y":3.928492546081543,"z":-31.13407325744629},"rotation":{"x":-0.19350554049015046,"y":0.7125648856163025,"z":-0.2157265841960907,"w":-0.6390380859375},"size":6.123724460601807,"orthographic":false}